{
  "timestamp": "2026-04-14T09:21:20.291Z",
  "market": "soltwd",
  "ticker": {
    "last": 2733,
    "buy": 2726,
    "buyVol": 59.272,
    "sell": 2734.9,
    "sellVol": 11.111,
    "high": 2742.3,
    "low": 2605.5,
    "open": 2620,
    "vol": 3743.442,
    "change24h": 4.312977099236641
  },
  "indicators": {
    "15m": {
      "ema8": 2732.7284462473845,
      "ema21": 2728.4818957631564,
      "emaRelation": "bullish",
      "emaCross": "none",
      "rsi": 57.36606802033763,
      "macd": {
        "macd": 4.346167819233415,
        "signal": 3.8731825258424686,
        "histogram": 0.4729852933909462,
        "prevHistogram": 0.7511172027143274
      },
      "bollinger": {
        "upper": 2742.651430253926,
        "middle": 2725.2150000000006,
        "lower": 2707.7785697460754,
        "width": 1.2796370380997684,
        "squeeze": true
      },
      "atr": 3.9697805415016734,
      "vwap": 2700.9471652755556,
      "priceVsVwap": "above",
      "volume": 5.574,
      "volumeMA20": 22.893,
      "volumeRatio": 0.24348053990302712,
      "volumeConfirm": false,
      "trend": "strong_up",
      "candlePatterns": [],
      "supportResistance": {
        "resistance": [
          2739.3
        ],
        "support": [
          2710,
          2710.9
        ]
      },
      "lastCandle": {
        "time": 1776158100000,
        "open": 2735.9,
        "high": 2735.9,
        "low": 2733,
        "close": 2733,
        "volume": 5.574
      },
      "prevCandle": {
        "time": 1776157200000,
        "open": 2735.9,
        "high": 2735.9,
        "low": 2735.9,
        "close": 2735.9,
        "volume": 0
      }
    },
    "1h": {
      "ema8": 2725.877709553377,
      "ema21": 2700.3233504490904,
      "emaRelation": "bullish",
      "rsi": 62.72707396926721,
      "macd": {
        "macd": 26.32106623874097,
        "signal": 25.808431148493806,
        "histogram": 0.5126350902471621,
        "prevHistogram": 1.2453059314015675
      },
      "trend": "strong_up"
    },
    "4h": {
      "ema8": 2697.271420202922,
      "ema21": 2672.662241783428,
      "emaRelation": "bullish",
      "rsi": 64.06468989377768,
      "trend": "strong_up"
    }
  },
  "multiTimeframe": {
    "trend15m": "strong_up",
    "trend1h": "strong_up",
    "trend4h": "strong_up",
    "aligned": true,
    "direction": "BUY"
  }
}