{
  "timestamp": "2026-04-14T09:21:19.036Z",
  "market": "btctwd",
  "ticker": {
    "last": 2372114.7,
    "buy": 2369799.2,
    "buyVol": 0.00041695,
    "sell": 2370258.4,
    "sellVol": 0.12657065,
    "high": 2375183.4,
    "low": 2254457.1,
    "open": 2254957.1,
    "vol": 34.4857,
    "change24h": 5.195557822363897
  },
  "indicators": {
    "15m": {
      "ema8": 2368724.6593646556,
      "ema21": 2364420.210178286,
      "emaRelation": "bullish",
      "emaCross": "none",
      "rsi": 67.39435314010888,
      "macd": {
        "macd": 4575.764184015337,
        "signal": 4380.553891270257,
        "histogram": 195.21029274508055,
        "prevHistogram": 116.55455004898522
      },
      "bollinger": {
        "upper": 2374933.4479282233,
        "middle": 2363462.3449999997,
        "lower": 2351991.242071776,
        "width": 0.9707032525812143,
        "squeeze": true
      },
      "atr": 4260.77710174615,
      "vwap": 2332094.699507269,
      "priceVsVwap": "above",
      "volume": 0.0184,
      "volumeMA20": 0.29940500000000003,
      "volumeRatio": 0.061455219518712106,
      "volumeConfirm": false,
      "trend": "strong_up",
      "candlePatterns": [
        "consecutive_bull_3"
      ],
      "supportResistance": {
        "resistance": [
          2375183.4,
          2374111.5,
          2373260.9
        ],
        "support": [
          2351543.3,
          2353000,
          2355080.5
        ]
      },
      "lastCandle": {
        "time": 1776158100000,
        "open": 2370867,
        "high": 2372169.6,
        "low": 2370867,
        "close": 2372114.7,
        "volume": 0.0184
      },
      "prevCandle": {
        "time": 1776157200000,
        "open": 2369808,
        "high": 2371215.9,
        "low": 2368999.7,
        "close": 2370867,
        "volume": 0.102
      }
    },
    "1h": {
      "ema8": 2362163.5286841737,
      "ema21": 2339285.4758808836,
      "emaRelation": "bullish",
      "rsi": 73.37068817194589,
      "macd": {
        "macd": 23036.314858520404,
        "signal": 22058.54451856958,
        "histogram": 977.7703399508246,
        "prevHistogram": 1334.9541442295304
      },
      "trend": "strong_up"
    },
    "4h": {
      "ema8": 2336171.9380109403,
      "ema21": 2312434.999624603,
      "emaRelation": "bullish",
      "rsi": 69.97394419822365,
      "trend": "strong_up"
    }
  },
  "multiTimeframe": {
    "trend15m": "strong_up",
    "trend1h": "strong_up",
    "trend4h": "strong_up",
    "aligned": true,
    "direction": "BUY"
  }
}