{
  "timestamp": "2026-04-12T10:02:56.407Z",
  "market": "soltwd",
  "ticker": {
    "last": 2620,
    "buy": 2619,
    "buyVol": 0.382,
    "sell": 2624.3,
    "sellVol": 0.157,
    "high": 2741.6,
    "low": 2610.8,
    "open": 2692,
    "vol": 2538.663,
    "change24h": -2.674591381872214
  },
  "indicators": {
    "15m": {
      "ema8": 2620.2377604955886,
      "ema21": 2624.5632109845333,
      "emaRelation": "bearish",
      "emaCross": "none",
      "rsi": 36.12788099985429,
      "macd": {
        "macd": -6.697833983636883,
        "signal": -8.649618789387642,
        "histogram": 1.9517848057507585,
        "prevHistogram": 1.9962521354394536
      },
      "bollinger": {
        "upper": 2628.8550758720967,
        "middle": 2622.2649999999994,
        "lower": 2615.674924127902,
        "width": 0.5026247059009902,
        "squeeze": true
      },
      "atr": 3.2183307526676628,
      "vwap": 2665.816693485872,
      "priceVsVwap": "below",
      "volume": 0,
      "volumeMA20": 17.306350000000002,
      "volumeRatio": 0,
      "volumeConfirm": false,
      "trend": "down",
      "candlePatterns": [],
      "supportResistance": {
        "resistance": [
          2633.7,
          2630.7
        ],
        "support": [
          2616.7,
          2617.1
        ]
      },
      "lastCandle": {
        "time": 1775988000000,
        "open": 2620,
        "high": 2620,
        "low": 2620,
        "close": 2620,
        "volume": 0
      },
      "prevCandle": {
        "time": 1775987100000,
        "open": 2620,
        "high": 2620.5,
        "low": 2620,
        "close": 2620,
        "volume": 99.468
      }
    },
    "1h": {
      "ema8": 2628.340551904092,
      "ema21": 2652.638459715256,
      "emaRelation": "bearish",
      "rsi": 35.66106088071389,
      "macd": {
        "macd": -20.293516817822365,
        "signal": -14.800332325241623,
        "histogram": -5.493184492580742,
        "prevHistogram": -6.70422614397982
      },
      "trend": "strong_down"
    },
    "4h": {
      "ema8": 2657.6666269529096,
      "ema21": 2657.518520470456,
      "emaRelation": "bullish",
      "rsi": 49.103071405204126,
      "trend": "up"
    }
  },
  "multiTimeframe": {
    "trend15m": "down",
    "trend1h": "strong_down",
    "trend4h": "up",
    "aligned": false,
    "direction": "SELL"
  }
}