{
  "timestamp": "2026-04-12T10:02:55.423Z",
  "market": "btctwd",
  "ticker": {
    "last": 2278344.7,
    "buy": 2278000,
    "buyVol": 0.05225847,
    "sell": 2278077.4,
    "sellVol": 0.13170555,
    "high": 2346153.8,
    "low": 2270743.6,
    "open": 2322010,
    "vol": 21.6597,
    "change24h": -1.880495777365292
  },
  "indicators": {
    "15m": {
      "ema8": 2280053.483314811,
      "ema21": 2282819.1077859895,
      "emaRelation": "bearish",
      "emaCross": "none",
      "rsi": 36.408896280533014,
      "macd": {
        "macd": -3732.190245703794,
        "signal": -4389.826984972075,
        "histogram": 657.6367392682805,
        "prevHistogram": 767.39338367029
      },
      "bollinger": {
        "upper": 2285778.1210836694,
        "middle": 2281874.9000000004,
        "lower": 2277971.6789163314,
        "width": 0.3421064917861353,
        "squeeze": true
      },
      "atr": 2942.484289276199,
      "vwap": 2305494.286334732,
      "priceVsVwap": "below",
      "volume": 0.0011,
      "volumeMA20": 0.12631,
      "volumeRatio": 0.008708732483572163,
      "volumeConfirm": false,
      "trend": "down",
      "candlePatterns": [],
      "supportResistance": {
        "resistance": [
          2289462,
          2288239.5,
          2286064.5
        ],
        "support": [
          2275391,
          2276000,
          2276470.5
        ]
      },
      "lastCandle": {
        "time": 1775988000000,
        "open": 2278000,
        "high": 2278344.7,
        "low": 2278000,
        "close": 2278344.7,
        "volume": 0.0011
      },
      "prevCandle": {
        "time": 1775987100000,
        "open": 2278877.3,
        "high": 2279582,
        "low": 2278000,
        "close": 2278000,
        "volume": 0.1143
      }
    },
    "1h": {
      "ema8": 2284114.727504633,
      "ema21": 2297826.211113351,
      "emaRelation": "bearish",
      "rsi": 34.94312834655031,
      "macd": {
        "macd": -11144.839160323143,
        "signal": -7784.550858956942,
        "histogram": -3360.2883013662013,
        "prevHistogram": -3968.3748689014556
      },
      "trend": "strong_down"
    },
    "4h": {
      "ema8": 2299323.7233582693,
      "ema21": 2292570.5974746607,
      "emaRelation": "bullish",
      "rsi": 52.65782340297697,
      "trend": "up"
    }
  },
  "multiTimeframe": {
    "trend15m": "down",
    "trend1h": "strong_down",
    "trend4h": "up",
    "aligned": false,
    "direction": "SELL"
  }
}