{
  "timestamp": "2026-04-12T10:02:53.488Z",
  "market": "dogetwd",
  "ticker": {
    "last": 2.9057,
    "buy": 2.9055,
    "buyVol": 105.2,
    "sell": 2.9158,
    "sellVol": 87.8,
    "high": 3.0161,
    "low": 2.9,
    "open": 2.9618,
    "vol": 2721822.5,
    "change24h": -1.894118441488293
  },
  "indicators": {
    "15m": {
      "ema8": 2.9091270707478034,
      "ema21": 2.9130909768185793,
      "emaRelation": "bearish",
      "emaCross": "none",
      "rsi": 36.40625667733194,
      "macd": {
        "macd": -0.004888212458297403,
        "signal": -0.005352613453979045,
        "histogram": 0.0004644009956816424,
        "prevHistogram": 0.0006572601112981667
      },
      "bollinger": {
        "upper": 2.919994214245622,
        "middle": 2.9122949999999994,
        "lower": 2.9045957857543767,
        "width": 0.5287386233621783,
        "squeeze": true
      },
      "atr": 0.0031464026812586003,
      "vwap": 2.92199477053124,
      "priceVsVwap": "below",
      "volume": 0,
      "volumeMA20": 1196.7549999999999,
      "volumeRatio": 0,
      "volumeConfirm": false,
      "trend": "down",
      "candlePatterns": [],
      "supportResistance": {
        "resistance": [
          2.9199
        ],
        "support": [
          2.9032,
          2.9054
        ]
      },
      "lastCandle": {
        "time": 1775988000000,
        "open": 2.9057,
        "high": 2.9057,
        "low": 2.9057,
        "close": 2.9057,
        "volume": 0
      },
      "prevCandle": {
        "time": 1775987100000,
        "open": 2.9088,
        "high": 2.9088,
        "low": 2.9057,
        "close": 2.9057,
        "volume": 211
      }
    },
    "1h": {
      "ema8": 2.915773921189754,
      "ema21": 2.9344837421671506,
      "emaRelation": "bearish",
      "rsi": 38.193302047178534,
      "macd": {
        "macd": -0.016070542738663374,
        "signal": -0.012324705643066414,
        "histogram": -0.0037458370955969593,
        "prevHistogram": -0.004236519360145977
      },
      "trend": "strong_down"
    },
    "4h": {
      "ema8": 2.9394947297002507,
      "ema21": 2.9502384248468,
      "emaRelation": "bearish",
      "rsi": 44.4514218824934,
      "trend": "strong_down"
    }
  },
  "multiTimeframe": {
    "trend15m": "down",
    "trend1h": "strong_down",
    "trend4h": "strong_down",
    "aligned": false,
    "direction": "SELL"
  }
}