{
  "timestamp": "2026-04-12T06:02:30.225Z",
  "market": "btctwd",
  "ticker": {
    "last": 2283328.1,
    "buy": 2283328.1,
    "buyVol": 0.01855796,
    "sell": 2283780.4,
    "sellVol": 0.13137514,
    "high": 2346153.8,
    "low": 2270743.6,
    "open": 2314813.5,
    "vol": 22.0003,
    "change24h": -1.3601700525765859
  },
  "indicators": {
    "15m": {
      "ema8": 2281804.57459559,
      "ema21": 2289123.4299223092,
      "emaRelation": "bearish",
      "emaCross": "none",
      "rsi": 35.71426082420231,
      "macd": {
        "macd": -9152.969511310104,
        "signal": -10759.646806127197,
        "histogram": 1606.6772948170928,
        "prevHistogram": 1268.7731945247979
      },
      "bollinger": {
        "upper": 2303090.3581650164,
        "middle": 2284390.33,
        "lower": 2265690.3018349838,
        "width": 1.6372007812707066,
        "squeeze": true
      },
      "atr": 4983.36527701062,
      "vwap": 2308670.142901495,
      "priceVsVwap": "below",
      "volume": 0,
      "volumeMA20": 0.49144,
      "volumeRatio": 0,
      "volumeConfirm": false,
      "trend": "down",
      "candlePatterns": [],
      "supportResistance": {
        "resistance": [
          2332889.9,
          2332657,
          2327590.9
        ],
        "support": [
          2270743.6,
          2272881.3,
          2275391
        ]
      },
      "lastCandle": {
        "time": 1775973600000,
        "open": 2283328.1,
        "high": 2283328.1,
        "low": 2283328.1,
        "close": 2283328.1,
        "volume": 0
      },
      "prevCandle": {
        "time": 1775972700000,
        "open": 2281188.4,
        "high": 2285720,
        "low": 2281188.4,
        "close": 2283328.1,
        "volume": 0.1135
      }
    },
    "1h": {
      "ema8": 2292168.5760721527,
      "ema21": 2306322.385738549,
      "emaRelation": "bearish",
      "rsi": 35.62592329461545,
      "macd": {
        "macd": -9524.968927682377,
        "signal": -3786.4136300372647,
        "histogram": -5738.555297645113,
        "prevHistogram": -6370.376450966027
      },
      "trend": "strong_down"
    },
    "4h": {
      "ema8": 2305394.523245335,
      "ema21": 2294381.0026885895,
      "emaRelation": "bullish",
      "rsi": 52.96678991259256,
      "trend": "up"
    }
  },
  "multiTimeframe": {
    "trend15m": "down",
    "trend1h": "strong_down",
    "trend4h": "up",
    "aligned": false,
    "direction": "SELL"
  }
}